t_s,cpu_percent,rss_bytes,io_read_bytes,io_write_bytes
2681094.032,105.0,54005760,0,286720
2681104.707,108.7,57868288,0,8413184
2681115.346,108.0,61329408,0,17068032
2681125.951,108.8,63987712,0,24948736
2681136.628,106.8,66531328,0,32292864
2681147.306,110.3,69107712,0,39903232
2681157.924,108.8,71860224,0,48041984
2681168.552,110.4,74776576,0,56696832
2681179.087,112.9,77414400,0,64577536
2681189.594,110.1,80031744,0,71917568
2681200.005,110.1,82620416,0,79536128
2681210.553,110.7,85180416,0,87142400
2681221.197,110.7,88064000,0,95547392
2681231.747,110.7,90943488,0,103940096
2681242.399,114.2,93847552,0,112603136
2681253.031,107.0,96550912,0,120475648
2681263.655,105.3,99172352,0,128352256
2681274.284,108.8,101961728,0,136486912
2681284.837,111.7,104837120,0,144887808
2681295.351,114.0,107671552,0,153280512
2681305.848,110.1,110280704,0,161161216
2681316.447,107.5,112861184,0,168767488
2681326.995,114.4,115412992,0,176123904
2681337.662,108.9,118132736,0,184254464
2681348.209,109.6,120811520,0,192135168
2681358.807,108.8,123580416,0,200265728
2681369.458,111.9,126312448,0,208404480
2681380.011,109.9,129105920,0,216797184
2681390.581,108.3,131919872,0,224940032
2681401.099,106.4,134586368,0,232808448
2681411.672,109.9,137310208,0,240951296
2681422.245,108.9,139952128,0,248819712
2681432.903,110.6,142843904,0,257482752
2681443.572,106.8,145666048,0,265613312
2681454.218,106.9,148504576,0,274018304
2681464.802,106.9,151216128,0,282148864
2681475.374,108.3,153874432,0,290029568
2681485.974,108.8,156426240,0,297369600
2681496.609,105.0,159223808,0,305770496
2681507.278,108.6,161959936,0,313905152
2681517.944,108.7,164667392,0,321781760
2681528.612,108.7,167419904,0,329916416
2681539.237,110.0,171298816,0,338309120
2681549.881,108.8,174174208,0,346972160
2681560.516,108.4,175988736,0,355377152
2681571.123,110.6,178790400,0,363507712
2681581.801,112.6,181628928,0,371904512
2681592.38,108.2,184287232,0,380039168
2681602.979,111.8,186871808,0,387645440
2681613.638,112.4,189648896,0,395788288
2681624.282,109.3,192524288,0,404180992
2681634.95,108.7,195584000,0,413372416
2681645.587,107.6,198512640,0,422031360
2681656.152,108.8,201191424,0,429912064
2681666.774,108.8,204095488,0,438571008
2681677.418,114.0,207089664,0,447496192
2681688.01,112.5,210153472,0,456413184
2681698.678,114.3,213364736,0,465862656
2681709.323,108.9,216616960,0,475566080
2681719.958,110.4,219705344,0,484757504
2681730.572,110.7,222818304,0,493936640
2681741.207,110.8,225968128,0,503128064
2681751.862,108.8,228913152,0,511791104
2681762.474,108.6,231673856,0,519925760
2681773.052,114.1,234553344,0,528580608
2681783.592,110.7,237387776,0,536981504
2681794.213,108.8,240230400,0,545374208
2681804.832,108.9,243019776,0,553512960
